{
  "formatVersion": 1,
  "database": {
    "version": 3,
    "identityHash": "dd25f3825c96e397933570c3ee6b714a",
    "entities": [
      {
        "tableName": "backups",
        "createSql": "CREATE TABLE IF NOT EXISTS `${TABLE_NAME}` (`_id` INTEGER PRIMARY KEY AUTOINCREMENT NOT NULL, `title` TEXT NOT NULL, `fileUri` TEXT NOT NULL, `date` INTEGER NOT NULL, `hasFile` INTEGER NOT NULL DEFAULT 1, `hasUriPerm` INTEGER NOT NULL DEFAULT 1)",
        "fields": [
          {
            "fieldPath": "id",
            "columnName": "_id",
            "affinity": "INTEGER",
            "notNull": true
          },
          {
            "fieldPath": "title",
            "columnName": "title",
            "affinity": "TEXT",
            "notNull": true
          },
          {
            "fieldPath": "fileUri",
            "columnName": "fileUri",
            "affinity": "TEXT",
            "notNull": true
          },
          {
            "fieldPath": "date",
            "columnName": "date",
            "affinity": "INTEGER",
            "notNull": true
          },
          {
            "fieldPath": "hasFile",
            "columnName": "hasFile",
            "affinity": "INTEGER",
            "notNull": true,
            "defaultValue": "1"
          },
          {
            "fieldPath": "hasUriPerm",
            "columnName": "hasUriPerm",
            "affinity": "INTEGER",
            "notNull": true,
            "defaultValue": "1"
          }
        ],
        "primaryKey": {
          "columnNames": [
            "_id"
          ],
          "autoGenerate": true
        },
        "indices": [],
        "foreignKeys": []
      },
      {
        "tableName": "files",
        "createSql": "CREATE TABLE IF NOT EXISTS `${TABLE_NAME}` (`_id` INTEGER PRIMARY KEY AUTOINCREMENT, `title` TEXT NOT NULL, `uri` TEXT NOT NULL, `date` INTEGER NOT NULL)",
        "fields": [
          {
            "fieldPath": "id",
            "columnName": "_id",
            "affinity": "INTEGER",
            "notNull": false
          },
          {
            "fieldPath": "title",
            "columnName": "title",
            "affinity": "TEXT",
            "notNull": true
          },
          {
            "fieldPath": "uri",
            "columnName": "uri",
            "affinity": "TEXT",
            "notNull": true
          },
          {
            "fieldPath": "date",
            "columnName": "date",
            "affinity": "INTEGER",
            "notNull": true
          }
        ],
        "primaryKey": {
          "columnNames": [
            "_id"
          ],
          "autoGenerate": true
        },
        "indices": [],
        "foreignKeys": []
      },
      {
        "tableName": "saved_passwords",
        "createSql": "CREATE TABLE IF NOT EXISTS `${TABLE_NAME}` (`_id` INTEGER PRIMARY KEY AUTOINCREMENT, `uri` TEXT NOT NULL, `provider_uri` TEXT NOT NULL, `display_name` TEXT NOT NULL, `iv` TEXT NOT NULL, `enc_passwd` TEXT NOT NULL)",
        "fields": [
          {
            "fieldPath": "id",
            "columnName": "_id",
            "affinity": "INTEGER",
            "notNull": false
          },
          {
            "fieldPath": "uri",
            "columnName": "uri",
            "affinity": "TEXT",
            "notNull": true
          },
          {
            "fieldPath": "providerUri",
            "columnName": "provider_uri",
            "affinity": "TEXT",
            "notNull": true
          },
          {
            "fieldPath": "displayName",
            "columnName": "display_name",
            "affinity": "TEXT",
            "notNull": true
          },
          {
            "fieldPath": "iv",
            "columnName": "iv",
            "affinity": "TEXT",
            "notNull": true
          },
          {
            "fieldPath": "encPasswd",
            "columnName": "enc_passwd",
            "affinity": "TEXT",
            "notNull": true
          }
        ],
        "primaryKey": {
          "columnNames": [
            "_id"
          ],
          "autoGenerate": true
        },
        "indices": [
          {
            "name": "index_saved_passwords_uri",
            "unique": true,
            "columnNames": [
              "uri"
            ],
            "createSql": "CREATE UNIQUE INDEX IF NOT EXISTS `index_saved_passwords_uri` ON `${TABLE_NAME}` (`uri`)"
          }
        ],
        "foreignKeys": []
      }
    ],
    "views": [],
    "setupQueries": [
      "CREATE TABLE IF NOT EXISTS room_master_table (id INTEGER PRIMARY KEY,identity_hash TEXT)",
      "INSERT OR REPLACE INTO room_master_table (id,identity_hash) VALUES(42, 'dd25f3825c96e397933570c3ee6b714a')"
    ]
  }
}